Name,Year,Id,Start Date,End Date
'S-Hertogenbosch,2001,440,2001-06-18,2001-06-24
'S-Hertogenbosch,2002,440,2002-06-17,2002-06-23
'S-Hertogenbosch,2003,440,2003-06-16,2003-06-22
'S-Hertogenbosch,2004,440,2004-06-14,2004-06-20
'S-Hertogenbosch,2005,440,2005-06-13,2005-06-19
'S-Hertogenbosch,2006,440,2006-06-19,2006-06-25
'S-Hertogenbosch,2007,440,2007-06-17,2007-06-24
'S-Hertogenbosch,2008,440,2008-06-15,2008-06-22
'S-Hertogenbosch,2009,440,2009-06-14,2009-06-21
'S-Hertogenbosch,2010,440,2010-06-13,2010-06-19
'S-Hertogenbosch,2011,440,2011-06-12,2011-06-18
'S-Hertogenbosch,2012,440,2012-06-17,2012-06-23
'S-Hertogenbosch,2013,440,2013-06-16,2013-06-22
'S-Hertogenbosch,2014,440,2014-06-15,2014-06-21
'S-Hertogenbosch,2015,440,2015-06-08,2015-06-14
'S-Hertogenbosch,2016,440,2016-06-06,2016-06-13
'S-Hertogenbosch,2017,440,2017-06-12,2017-06-18
'S-Hertogenbosch,2018,440,2018-06-11,2018-06-17
'S-Hertogenbosch,2019,440,2019-06-10,2019-06-16
'S-Hertogenbosch,2020,440,2020-06-08,2020-06-14
'S-Hertogenbosch,2021,440,2021-06-07,2021-06-13
'S-Hertogenbosch,2022,440,2022-06-06,2022-06-12
'S-Hertogenbosch,2023,440,2023-06-12,2023-06-18
Acapulco,2001,807,2001-02-26,2001-03-04
Acapulco,2002,807,2002-02-25,2002-03-03
Acapulco,2003,807,2003-02-24,2003-03-02
Acapulco,2004,807,2004-03-01,2004-03-07
Acapulco,2005,807,2005-02-21,2005-02-27
Acapulco,2006,807,2006-02-27,2006-03-05
Acapulco,2007,807,2007-02-26,2007-03-04
Acapulco,2008,807,2008-02-25,2008-03-02
Acapulco,2009,807,2009-02-23,2009-03-01
Acapulco,2010,807,2010-02-22,2010-02-27
Acapulco,2011,807,2011-02-21,2011-02-26
Acapulco,2012,807,2012-02-27,2012-03-03
Acapulco,2013,807,2013-02-25,2013-03-02
Acapulco,2014,807,2014-02-24,2014-03-01
Acapulco,2015,807,2015-02-23,2015-02-28
Acapulco,2016,807,2016-02-22,2016-02-27
Acapulco,2017,807,2017-02-27,2017-03-04
Acapulco,2018,807,2018-02-26,2018-03-03
Acapulco,2019,807,2019-02-25,2019-03-02
Acapulco,2020,807,2020-02-24,2020-02-29
Acapulco,2021,807,2021-03-15,2021-03-20
Acapulco,2022,807,2022-02-21,2022-02-26
Acapulco,2023,807,2023-02-27,2023-03-04
Adelaide,2001,7308,2001-12-31,2002-01-06
Adelaide,2001,7308,2001-01-01,2001-01-07
Adelaide,2002,7308,2002-12-30,2003-01-05
Adelaide,2004,7308,2004-01-05,2004-01-11
Adelaide,2005,7308,2005-01-03,2005-01-09
Adelaide,2006,7308,2006-01-02,2006-01-08
Adelaide,2007,7308,2007-12-31,2008-01-06
Adelaide,2007,7308,2007-01-01,2007-01-07
Adelaide,2020,8998,2020-01-12,2020-01-18
Adelaide 1,2022,8998,2022-01-03,2022-01-09
Adelaide 1,2023,2843,2023-01-01,2023-01-08
Adelaide 2,2022,9667,2022-01-10,2022-01-15
Adelaide 2,2023,8998,2023-01-09,2023-01-14
Amersfoort,2002,317,2002-07-15,2002-07-21
Amersfoort,2003,317,2003-07-14,2003-07-20
Amersfoort,2004,317,2004-07-12,2004-07-18
Amersfoort,2005,317,2005-07-18,2005-07-24
Amersfoort,2006,317,2006-07-17,2006-07-23
Amersfoort,2007,317,2007-07-16,2007-07-22
Amersfoort,2008,317,2008-07-14,2008-07-20
Amsterdam,2001,317,2001-07-16,2001-07-22
Antalya,2017,7650,2017-06-25,2017-07-01
Antalya,2018,7650,2018-06-24,2018-06-30
Antalya,2019,7650,2019-06-23,2019-06-29
Antalya,2021,9426,2021-01-07,2021-01-13
Antwerp,2016,7485,2016-10-17,2016-10-23
Antwerp,2017,7485,2017-10-16,2017-10-22
Antwerp,2018,7485,2018-10-15,2018-10-21
Antwerp,2019,7485,2019-10-14,2019-10-20
Antwerp,2020,7485,2020-10-19,2020-10-25
Antwerp,2021,7485,2021-10-18,2021-10-24
Antwerp,2022,7485,2022-10-17,2022-10-23
Antwerp,2023,7485,2023-10-16,2023-10-22
Astana,2022,9410,2022-10-03,2022-10-09
Astana,2023,9410,2023-09-27,2023-10-03
Athens Olympics,2004,96,2004-08-16,2004-08-22
Atlanta,2001,409,2001-04-23,2001-04-29
Atlanta,2010,6116,2010-07-19,2010-07-25
Atlanta,2011,6116,2011-07-18,2011-07-24
Atlanta,2012,6116,2012-07-16,2012-07-22
Atlanta,2013,6116,2013-07-22,2013-07-28
Atlanta,2014,6116,2014-07-21,2014-07-27
Atlanta,2015,6116,2015-07-27,2015-08-02
Atlanta,2016,6116,2016-08-01,2016-08-07
Atlanta,2017,6116,2017-07-24,2017-07-30
Atlanta,2018,6116,2018-07-23,2018-07-29
Atlanta,2019,6116,2019-07-22,2019-07-28
Atlanta,2020,6116,2020-07-27,2020-08-02
Atlanta,2021,6116,2021-07-26,2021-08-01
Atlanta,2022,6116,2022-07-25,2022-07-31
Atlanta,2023,6116,2023-07-24,2023-07-30
Atp Cup,2020,8888,2020-01-03,2020-01-12
Atp Cup,2021,8888,2021-02-02,2021-02-07
Atp Cup,2022,8888,2022-01-01,2022-01-09
Atp Finals,2009,605,2009-11-22,2009-11-29
Atp Finals,2010,605,2010-11-21,2010-11-28
Atp Finals,2011,605,2011-11-20,2011-11-27
Atp Finals,2012,605,2012-11-05,2012-11-12
Atp Finals,2013,605,2013-11-04,2013-11-11
Atp Finals,2014,605,2014-11-09,2014-11-16
Atp Finals,2015,605,2015-11-15,2015-11-22
Atp Finals,2016,605,2016-11-13,2016-11-20
Atp Tour World Doubles Championship,2002,602,2002-01-29,2002-02-03
Auckland,2001,301,2001-01-08,2001-01-14
Auckland,2002,301,2002-01-07,2002-01-13
Auckland,2003,301,2003-01-06,2003-01-12
Auckland,2004,301,2004-01-12,2004-01-18
Auckland,2005,301,2005-01-10,2005-01-16
Auckland,2006,301,2006-01-09,2006-01-15
Auckland,2007,301,2007-01-08,2007-01-14
Auckland,2008,301,2008-01-07,2008-01-13
Auckland,2009,301,2009-01-12,2009-01-18
Auckland,2010,301,2010-01-11,2010-01-16
Auckland,2011,301,2011-01-10,2011-01-15
Auckland,2012,301,2012-01-09,2012-01-14
Auckland,2013,301,2013-01-07,2013-01-12
Auckland,2014,301,2014-01-06,2014-01-11
Auckland,2015,301,2015-01-12,2015-01-17
Auckland,2016,301,2016-01-11,2016-01-17
Auckland,2017,301,2017-01-09,2017-01-14
Auckland,2018,301,2018-01-08,2018-01-13
Auckland,2019,301,2019-01-07,2019-01-12
Auckland,2020,301,2020-01-13,2020-01-18
Auckland,2021,301,2021-01-11,2021-01-17
Auckland,2023,301,2023-01-09,2023-01-14
Australian Open,2001,580,2001-01-15,2001-01-28
Australian Open,2002,580,2002-01-14,2002-01-27
Australian Open,2003,580,2003-01-13,2003-01-26
Australian Open,2004,580,2004-01-19,2004-02-01
Australian Open,2005,580,2005-01-17,2005-01-30
Australian Open,2006,580,2006-01-16,2006-01-29
Australian Open,2007,580,2007-01-15,2007-01-28
Australian Open,2008,580,2008-01-14,2008-01-27
Australian Open,2009,580,2009-01-19,2009-02-01
Australian Open,2010,580,2010-01-18,2010-01-31
Australian Open,2011,580,2011-01-17,2011-01-30
Australian Open,2012,580,2012-01-16,2012-01-29
Australian Open,2013,580,2013-01-14,2013-01-27
Australian Open,2014,580,2014-01-13,2014-01-26
Australian Open,2015,580,2015-01-19,2015-02-01
Australian Open,2016,580,2016-01-18,2016-01-31
Australian Open,2017,580,2017-01-16,2017-01-29
Australian Open,2018,580,2018-01-15,2018-01-28
Australian Open,2019,580,2019-01-14,2019-01-27
Australian Open,2020,580,2020-01-20,2020-02-03
Australian Open,2021,580,2021-02-08,2021-02-21
Australian Open,2022,580,2022-01-17,2022-01-30
Australian Open,2023,580,2023-01-16,2023-01-29
Bangkok,2003,1720,2003-09-22,2003-09-28
Bangkok,2004,1720,2004-09-27,2004-10-03
Bangkok,2005,1720,2005-09-26,2005-10-02
Bangkok,2006,1720,2006-09-25,2006-10-01
Bangkok,2007,1720,2007-09-24,2007-09-30
Bangkok,2008,1720,2008-09-22,2008-09-28
Bangkok,2009,1720,2009-09-28,2009-10-04
Bangkok,2010,1720,2010-09-27,2010-10-03
Bangkok,2011,1720,2011-09-26,2011-10-02
Bangkok,2012,1720,2012-09-24,2012-09-30
Bangkok,2013,1720,2013-09-23,2013-09-29
Banja Luka,2023,2841,2023-04-17,2023-04-23
Barcelona,2001,425,2001-04-23,2001-04-29
Barcelona,2002,425,2002-04-22,2002-04-28
Barcelona,2003,425,2003-04-21,2003-04-27
Barcelona,2004,425,2004-04-26,2004-05-02
Barcelona,2005,425,2005-04-18,2005-04-24
Barcelona,2006,425,2006-04-24,2006-04-30
Barcelona,2007,425,2007-04-23,2007-04-29
Barcelona,2008,425,2008-04-28,2008-05-04
Barcelona,2009,425,2009-04-20,2009-04-26
Barcelona,2010,425,2010-04-19,2010-04-25
Barcelona,2011,425,2011-04-18,2011-04-24
Barcelona,2012,425,2012-04-23,2012-04-29
Barcelona,2013,425,2013-04-22,2013-04-28
Barcelona,2014,425,2014-04-21,2014-04-27
Barcelona,2015,425,2015-04-20,2015-04-26
Barcelona,2016,425,2016-04-18,2016-04-24
Barcelona,2017,425,2017-04-24,2017-04-30
Barcelona,2018,425,2018-04-23,2018-04-29
Barcelona,2019,425,2019-04-22,2019-04-28
Barcelona,2020,425,2020-04-20,2020-04-26
Barcelona,2021,425,2021-04-19,2021-04-25
Barcelona,2022,425,2022-04-18,2022-04-24
Barcelona,2023,425,2023-04-17,2023-04-23
Basel,2001,328,2001-10-22,2001-10-28
Basel,2002,328,2002-10-21,2002-10-27
Basel,2003,328,2003-10-20,2003-10-26
Basel,2004,328,2004-10-25,2004-10-31
Basel,2005,328,2005-10-24,2005-10-30
Basel,2006,328,2006-10-23,2006-10-29
Basel,2007,328,2007-10-22,2007-10-28
Basel,2008,328,2008-10-20,2008-10-26
Basel,2009,328,2009-11-02,2009-11-08
Basel,2010,328,2010-11-01,2010-11-07
Basel,2011,328,2011-10-31,2011-11-06
Basel,2012,328,2012-10-22,2012-10-28
Basel,2013,328,2013-10-21,2013-10-27
Basel,2014,328,2014-10-20,2014-10-26
Basel,2015,328,2015-10-26,2015-11-01
Basel,2016,328,2016-10-24,2016-10-30
Basel,2017,328,2017-10-23,2017-10-29
Basel,2018,328,2018-10-22,2018-10-28
Basel,2019,328,2019-10-21,2019-10-27
Basel,2020,328,2020-10-26,2020-11-01
Basel,2021,328,2021-10-25,2021-10-31
Basel,2022,328,2022-10-24,2022-10-30
Basel,2023,328,2023-10-23,2023-10-29
Bastad,2001,316,2001-07-09,2001-07-15
Bastad,2002,316,2002-07-08,2002-07-14
Bastad,2003,316,2003-07-07,2003-07-13
Bastad,2004,316,2004-07-05,2004-07-11
Bastad,2005,316,2005-07-04,2005-07-10
Bastad,2006,316,2006-07-10,2006-07-16
Bastad,2007,316,2007-07-09,2007-07-15
Bastad,2008,316,2008-10-20,2008-10-26
Bastad,2009,316,2009-07-13,2009-07-19
Bastad,2010,316,2010-07-12,2010-07-18
Bastad,2011,316,2011-07-11,2011-07-17
Bastad,2012,316,2012-07-09,2012-07-15
Bastad,2013,316,2013-07-08,2013-07-14
Bastad,2014,316,2014-07-07,2014-07-13
Bastad,2015,316,2015-07-20,2015-07-26
Bastad,2016,316,2016-07-11,2016-07-17
Bastad,2017,316,2017-07-17,2017-07-23
Bastad,2018,316,2018-07-16,2018-07-22
Bastad,2019,316,2019-07-15,2019-07-21
Bastad,2020,316,2020-07-13,2020-07-19
Bastad,2021,316,2021-07-12,2021-07-18
Bastad,2022,316,2022-07-11,2022-07-17
Bastad,2023,316,2023-07-17,2023-07-23
Beijing,2004,747,2004-09-13,2004-09-19
Beijing,2005,747,2005-09-12,2005-09-18
Beijing,2006,747,2006-09-11,2006-09-17
Beijing,2007,747,2007-09-10,2007-09-16
Beijing,2008,747,2008-09-22,2008-09-28
Beijing,2009,747,2009-10-05,2009-10-11
Beijing,2010,747,2010-10-04,2010-10-10
Beijing,2011,747,2011-10-03,2011-10-09
Beijing,2012,747,2012-10-01,2012-10-07
Beijing,2013,747,2013-09-30,2013-10-06
Beijing,2014,747,2014-09-29,2014-10-05
Beijing,2015,747,2015-10-05,2015-10-11
Beijing,2016,747,2016-10-03,2016-10-09
Beijing,2017,747,2017-10-02,2017-10-08
Beijing,2018,747,2018-10-01,2018-10-07
Beijing,2019,747,2019-09-30,2019-10-06
Beijing,2020,747,2020-10-05,2020-10-11
Beijing,2021,747,2021-10-04,2021-10-10
Beijing,2023,747,2023-09-28,2023-10-04
Beijing Olympics,2008,96,2008-08-11,2008-08-17
Belgrade,2009,5053,2009-05-04,2009-05-10
Belgrade,2010,5053,2010-05-03,2010-05-09
Belgrade,2011,5053,2011-04-25,2011-05-01
Belgrade,2012,5053,2012-04-30,2012-05-06
Belgrade,2022,5053,2022-04-18,2022-04-24
Belgrade 1,2021,5053,2021-04-19,2021-04-25
Belgrade 2,2021,9512,2021-05-23,2021-05-29
Bogota,2001,359,2001-01-28,2001-02-03
Bogota,2013,6718,2013-07-15,2013-07-21
Bogota,2014,6718,2014-07-14,2014-07-20
Bogota,2015,6718,2015-07-20,2015-07-26
Brisbane,2009,339,2009-01-04,2009-01-11
Brisbane,2010,339,2010-01-03,2010-01-10
Brisbane,2011,339,2011-01-02,2011-01-09
Brisbane,2012,339,2012-12-30,2013-01-06
Brisbane,2012,339,2012-01-01,2012-01-08
Brisbane,2013,339,2013-12-29,2014-01-05
Brisbane,2015,339,2015-01-04,2015-01-11
Brisbane,2016,339,2016-01-04,2016-01-10
Brisbane,2017,339,2017-12-31,2018-01-07
Brisbane,2017,339,2017-01-01,2017-01-08
Brisbane,2018,339,2018-12-31,2019-01-06
Bucharest,2001,773,2001-09-10,2001-09-16
Bucharest,2002,773,2002-09-09,2002-09-15
Bucharest,2003,773,2003-09-08,2003-09-14
Bucharest,2004,773,2004-09-13,2004-09-19
Bucharest,2005,773,2005-09-12,2005-09-18
Bucharest,2006,773,2006-09-11,2006-09-17
Bucharest,2007,773,2007-09-10,2007-09-16
Bucharest,2008,773,2008-09-08,2008-09-14
Bucharest,2009,773,2009-09-21,2009-09-27
Bucharest,2010,773,2010-09-20,2010-09-26
Bucharest,2011,773,2011-09-19,2011-09-25
Bucharest,2012,773,2012-04-23,2012-04-29
Bucharest,2013,773,2013-04-22,2013-04-28
Bucharest,2014,773,2014-04-21,2014-04-27
Bucharest,2015,773,2015-04-20,2015-04-26
Bucharest,2016,773,2016-04-18,2016-04-24
Budapest,2017,7648,2017-04-24,2017-04-30
Budapest,2018,7648,2018-04-23,2018-04-29
Budapest,2019,7648,2019-04-22,2019-04-28
Budapest,2020,7648,2020-04-20,2020-04-26
Buenos Aires,2001,506,2001-02-19,2001-02-25
Buenos Aires,2002,506,2002-02-18,2002-02-24
Buenos Aires,2003,506,2003-02-17,2003-02-23
Buenos Aires,2004,506,2004-02-16,2004-02-22
Buenos Aires,2005,506,2005-02-07,2005-02-13
Buenos Aires,2006,506,2006-02-13,2006-02-19
Buenos Aires,2007,506,2007-02-19,2007-02-25
Buenos Aires,2008,506,2008-02-18,2008-02-24
Buenos Aires,2009,506,2009-02-16,2009-02-22
Buenos Aires,2010,506,2010-02-15,2010-02-21
Buenos Aires,2011,506,2011-02-14,2011-02-20
Buenos Aires,2012,506,2012-02-20,2012-02-26
Buenos Aires,2013,506,2013-02-18,2013-02-24
Buenos Aires,2014,506,2014-02-10,2014-02-16
Buenos Aires,2015,506,2015-02-23,2015-03-01
Buenos Aires,2016,506,2016-02-08,2016-02-14
Buenos Aires,2017,506,2017-02-13,2017-02-19
Buenos Aires,2018,506,2018-02-12,2018-02-18
Buenos Aires,2019,506,2019-02-11,2019-02-17
Buenos Aires,2020,506,2020-02-10,2020-02-16
Buenos Aires,2021,506,2021-03-01,2021-03-07
Buenos Aires,2022,506,2022-02-07,2022-02-13
Buenos Aires,2023,506,2023-02-13,2023-02-19
Cagliari,2021,9481,2021-04-05,2021-04-11
Casablanca,2001,360,2001-04-09,2001-04-15
Casablanca,2002,360,2002-04-08,2002-04-14
Casablanca,2003,360,2003-04-07,2003-04-13
Casablanca,2004,360,2004-05-17,2004-05-23
Casablanca,2005,360,2005-04-04,2005-04-10
Casablanca,2006,360,2006-04-24,2006-04-30
Casablanca,2007,360,2007-04-23,2007-04-29
Casablanca,2008,360,2008-05-18,2008-05-25
Casablanca,2009,360,2009-04-06,2009-04-12
Casablanca,2010,360,2010-04-05,2010-04-11
Casablanca,2011,360,2011-04-04,2011-04-10
Casablanca,2012,360,2012-04-09,2012-04-15
Casablanca,2013,360,2013-04-08,2013-04-14
Casablanca,2014,360,2014-04-07,2014-04-13
Casablanca,2015,360,2015-04-06,2015-04-12
Chengdu,2016,7581,2016-09-26,2016-10-02
Chengdu,2017,7581,2017-09-25,2017-10-01
Chengdu,2018,7581,2018-09-24,2018-09-30
Chengdu,2019,7581,2019-09-23,2019-09-29
Chengdu,2020,7581,2020-09-28,2020-10-04
Chengdu,2021,7581,2021-09-27,2021-10-03
Chengdu,2023,7581,2023-09-20,2023-09-26
Chennai,2001,891,2001-12-31,2002-01-06
Chennai,2001,891,2001-01-01,2001-01-07
Chennai,2002,891,2002-12-30,2003-01-05
Chennai,2004,891,2004-01-05,2004-01-11
Chennai,2005,891,2005-01-03,2005-01-09
Chennai,2006,891,2006-01-02,2006-01-08
Chennai,2007,891,2007-12-31,2008-01-06
Chennai,2007,891,2007-01-01,2007-01-07
Chennai,2009,891,2009-01-05,2009-01-11
Chennai,2010,891,2010-01-04,2010-01-10
Chennai,2011,891,2011-01-03,2011-01-09
Chennai,2012,891,2012-12-31,2013-01-06
Chennai,2012,891,2012-01-02,2012-01-08
Chennai,2013,891,2013-12-30,2014-01-05
Chennai,2015,891,2015-01-05,2015-01-11
Chennai,2016,891,2016-01-04,2016-01-10
Chennai,2017,891,2017-01-02,2017-01-08
Cincinnati,2001,422,2001-08-06,2001-08-12
Cincinnati,2002,422,2002-08-05,2002-08-11
Cincinnati,2003,422,2003-08-11,2003-08-17
Cincinnati,2004,422,2004-08-02,2004-08-08
Cincinnati,2005,422,2005-08-15,2005-08-21
Cincinnati,2006,422,2006-08-14,2006-08-20
Cincinnati,2007,422,2007-08-13,2007-08-19
Cincinnati,2008,422,2008-07-28,2008-08-03
Cincinnati,2009,422,2009-08-16,2009-08-23
Cincinnati,2010,422,2010-08-15,2010-08-22
Cincinnati,2011,422,2011-08-14,2011-08-21
Cincinnati,2012,422,2012-08-12,2012-08-19
Cincinnati,2013,422,2013-08-11,2013-08-18
Cincinnati,2014,422,2014-08-10,2014-08-17
Cincinnati,2015,422,2015-08-16,2015-08-23
Cincinnati,2016,422,2016-08-14,2016-08-21
Cincinnati,2017,422,2017-08-13,2017-08-20
Cincinnati,2018,422,2018-08-12,2018-08-19
Cincinnati,2019,422,2019-08-11,2019-08-18
Cincinnati,2021,422,2021-08-15,2021-08-22
Cincinnati,2022,422,2022-08-14,2022-08-21
Cincinnati,2023,422,2023-08-13,2023-08-20
Cologne 1,2020,9404,2020-10-12,2020-10-18
Cologne 2,2020,9406,2020-10-19,2020-10-25
Copenhagen,2001,481,2001-02-12,2001-02-18
Copenhagen,2002,481,2002-02-11,2002-02-17
Copenhagen,2003,481,2003-02-24,2003-03-02
Cordoba,2019,9158,2019-02-04,2019-02-10
Cordoba,2020,9158,2020-02-03,2020-02-09
Cordoba,2021,9158,2021-02-22,2021-02-28
Cordoba,2022,9158,2022-01-31,2022-02-06
Cordoba,2023,9158,2023-02-06,2023-02-12
Costa Do Sauipe,2001,533,2001-09-10,2001-09-16
Costa Do Sauipe,2002,533,2002-09-09,2002-09-15
Costa Do Sauipe,2003,533,2003-09-08,2003-09-14
Costa Do Sauipe,2004,533,2004-02-23,2004-02-29
Costa Do Sauipe,2005,533,2005-02-14,2005-02-20
Costa Do Sauipe,2006,533,2006-02-20,2006-02-26
Costa Do Sauipe,2007,533,2007-02-12,2007-02-18
Costa Do Sauipe,2008,533,2008-02-11,2008-02-17
Costa Do Sauipe,2009,533,2009-02-09,2009-02-15
Costa Do Sauipe,2010,533,2010-02-08,2010-02-14
Costa Do Sauipe,2011,533,2011-02-07,2011-02-12
Dallas,2022,424,2022-02-07,2022-02-13
Dallas,2023,424,2023-02-06,2023-02-12
Davis Cup,2001,8099,2001-11-30,2001-12-02
Davis Cup,2002,8099,2002-11-29,2002-12-01
Davis Cup,2003,8099,2003-11-28,2003-11-30
Davis Cup,2004,8099,2004-12-03,2004-12-05
Davis Cup,2005,8099,2005-12-02,2005-12-04
Davis Cup,2006,8099,2006-12-01,2006-12-03
Davis Cup,2007,8099,2007-11-30,2007-12-02
Davis Cup,2008,8099,2008-11-21,2008-11-23
Davis Cup,2009,8099,2009-12-04,2009-12-06
Davis Cup,2010,8099,2010-12-03,2010-12-05
Davis Cup,2011,8099,2011-12-02,2011-12-04
Davis Cup,2012,8099,2012-11-16,2012-11-18
Davis Cup,2013,8099,2013-11-15,2013-11-17
Davis Cup,2014,8099,2014-11-21,2014-11-23
Davis Cup,2015,8099,2015-11-27,2015-11-29
Davis Cup,2016,8099,2016-11-25,2016-11-27
Davis Cup,2017,8099,2017-11-24,2017-11-26
Davis Cup,2018,8099,2018-11-19,2018-11-23
Davis Cup,2019,8099,2019-11-18,2019-11-24
Davis Cup Finals,2020,8099,2020-11-23,2020-11-29
Davis Cup Finals,2022,8099,2022-11-23,2022-11-27
Davis Cup Finals,2023,8099,2023-11-21,2023-11-26
Davis Cup Finals Group Stage,2022,8097,2022-09-13,2022-09-18
Davis Cup Finals Group Stage,2023,8097,2023-09-12,2023-09-17
Davis Cup First Round,2015,8096,2015-03-06,2015-03-08
Davis Cup First Round,2016,8096,2016-03-04,2016-03-06
Davis Cup First Round,2017,8096,2017-02-03,2017-02-05
Davis Cup First Round,2018,8096,2018-02-02,2018-02-04
Davis Cup Group Ii,2019,8097,2019-04-05,2019-04-06
Davis Cup Group Ii,2020,8097,2020-07-17,2020-07-18
Davis Cup Groups I And Ii,2019,8098,2019-09-13,2019-09-15
Davis Cup Groups I And Ii,2020,8098,2020-09-18,2020-09-19
Davis Cup Qualifiers,2019,8096,2019-02-01,2019-02-02
Davis Cup Qualifiers,2020,8096,2020-03-06,2020-03-07
Davis Cup Qualifiers,2023,8096,2023-02-03,2023-02-05
Davis Cup Qualifiers And Groups I &Amp; Ii Playoffs,2022,8096,2022-09-13,2022-09-18
Davis Cup Quarter-Finals,2015,8097,2015-07-17,2015-07-19
Davis Cup Quarter-Finals,2016,8097,2016-07-15,2016-07-17
Davis Cup Quarter-Finals,2017,8097,2017-04-07,2017-04-09
Davis Cup Quarter-Finals,2018,8097,2018-04-06,2018-04-08
Davis Cup Semi-Finals,2015,8098,2015-09-18,2015-09-20
Davis Cup Semi-Finals,2016,8098,2016-09-16,2016-09-18
Davis Cup Semi-Finals,2017,8098,2017-09-15,2017-09-17
Davis Cup Semi-Finals,2018,8098,2018-09-14,2018-09-16
Davis Cup World Group I,2022,8095,2022-09-16,2022-09-18
Davis Cup World Group Ii,2022,8098,2022-09-16,2022-09-18
Delray Beach,2001,499,2001-03-05,2001-03-11
Delray Beach,2002,499,2002-03-04,2002-03-10
Delray Beach,2003,499,2003-03-03,2003-03-09
Delray Beach,2004,499,2004-09-13,2004-09-19
Delray Beach,2005,499,2005-01-31,2005-02-06
Delray Beach,2006,499,2006-01-30,2006-02-05
Delray Beach,2007,499,2007-01-28,2007-02-04
Delray Beach,2008,499,2008-02-11,2008-02-17
Delray Beach,2009,499,2009-02-23,2009-03-01
Delray Beach,2010,499,2010-02-22,2010-02-28
Delray Beach,2011,499,2011-02-21,2011-02-27
Delray Beach,2012,499,2012-02-27,2012-03-04
Delray Beach,2013,499,2013-02-25,2013-03-03
Delray Beach,2014,499,2014-02-17,2014-02-23
Delray Beach,2015,499,2015-02-16,2015-02-22
Delray Beach,2016,499,2016-02-15,2016-02-21
Delray Beach,2017,499,2017-02-20,2017-02-26
Delray Beach,2018,499,2018-02-19,2018-02-25
Delray Beach,2019,499,2019-02-18,2019-02-24
Delray Beach,2020,499,2020-02-17,2020-02-23
Delray Beach,2021,499,2021-01-07,2021-01-13
Delray Beach,2022,499,2022-02-14,2022-02-20
Delray Beach,2023,499,2023-02-13,2023-02-19
Doha,2001,451,2001-12-31,2002-01-06
Doha,2001,451,2001-01-01,2001-01-07
Doha,2002,451,2002-12-30,2003-01-05
Doha,2004,451,2004-01-05,2004-01-11
Doha,2005,451,2005-01-03,2005-01-09
Doha,2006,451,2006-01-02,2006-01-08
Doha,2007,451,2007-12-31,2008-01-06
Doha,2007,451,2007-01-01,2007-01-07
Doha,2009,451,2009-01-05,2009-01-11
Doha,2010,451,2010-01-04,2010-01-09
Doha,2011,451,2011-01-03,2011-01-08
Doha,2012,451,2012-12-31,2013-01-05
Doha,2012,451,2012-01-02,2012-01-07
Doha,2013,451,2013-12-30,2014-01-04
Doha,2015,451,2015-01-05,2015-01-10
Doha,2016,451,2016-01-04,2016-01-10
Doha,2017,451,2017-01-02,2017-01-07
Doha,2018,451,2018-12-31,2019-01-05
Doha,2018,451,2018-01-01,2018-01-06
Doha,2020,451,2020-01-06,2020-01-11
Doha,2021,451,2021-03-08,2021-03-13
Doha,2022,451,2022-02-14,2022-02-19
Doha,2023,451,2023-02-20,2023-02-25
Dubai,2001,495,2001-02-26,2001-03-04
Dubai,2002,495,2002-02-25,2002-03-03
Dubai,2003,495,2003-02-24,2003-03-02
Dubai,2004,495,2004-03-01,2004-03-07
Dubai,2005,495,2005-02-21,2005-02-27
Dubai,2006,495,2006-02-27,2006-03-05
Dubai,2007,495,2007-02-26,2007-03-04
Dubai,2008,495,2008-03-03,2008-03-09
Dubai,2009,495,2009-02-23,2009-03-01
Dubai,2010,495,2010-02-22,2010-02-27
Dubai,2011,495,2011-02-21,2011-02-26
Dubai,2012,495,2012-02-27,2012-03-03
Dubai,2013,495,2013-02-25,2013-03-02
Dubai,2014,495,2014-02-24,2014-03-01
Dubai,2015,495,2015-02-23,2015-02-28
Dubai,2016,495,2016-02-22,2016-02-27
Dubai,2017,495,2017-02-27,2017-03-04
Dubai,2018,495,2018-02-26,2018-03-03
Dubai,2019,495,2019-02-25,2019-03-02
Dubai,2020,495,2020-02-24,2020-02-29
Dubai,2021,495,2021-03-14,2021-03-20
Dubai,2022,495,2022-02-21,2022-02-26
Dubai,2023,495,2023-02-27,2023-03-04
Dusseldorf,2013,6710,2013-05-19,2013-05-25
Dusseldorf,2014,6710,2014-05-18,2014-05-24
Eastbourne,2009,741,2009-06-14,2009-06-21
Eastbourne,2010,741,2010-06-13,2010-06-19
Eastbourne,2011,741,2011-06-12,2011-06-18
Eastbourne,2012,741,2012-06-18,2012-06-23
Eastbourne,2013,741,2013-06-17,2013-06-22
Eastbourne,2014,741,2014-06-16,2014-06-21
Eastbourne,2017,741,2017-06-26,2017-07-01
Eastbourne,2018,741,2018-06-25,2018-06-30
Eastbourne,2019,741,2019-06-24,2019-06-29
Eastbourne,2020,741,2020-06-22,2020-06-27
Eastbourne,2021,741,2021-06-21,2021-06-26
Eastbourne,2022,741,2022-06-20,2022-06-25
Eastbourne,2023,741,2023-06-26,2023-07-01
Estoril,2001,468,2001-04-09,2001-04-15
Estoril,2002,468,2002-04-08,2002-04-14
Estoril,2003,468,2003-04-07,2003-04-13
Estoril,2004,468,2004-04-12,2004-04-18
Estoril,2005,468,2005-04-25,2005-05-01
Estoril,2006,468,2006-05-01,2006-05-07
Estoril,2007,468,2007-04-29,2007-05-06
Estoril,2008,468,2008-04-14,2008-04-20
Estoril,2009,468,2009-05-03,2009-05-10
Estoril,2010,468,2010-05-03,2010-05-09
Estoril,2011,468,2011-04-25,2011-05-01
Estoril,2012,468,2012-04-30,2012-05-06
Estoril,2015,7290,2015-04-27,2015-05-03
Estoril,2016,7290,2016-04-25,2016-05-01
Estoril,2017,7290,2017-05-01,2017-05-07
Estoril,2018,7290,2018-04-30,2018-05-06
Estoril,2019,7290,2019-04-29,2019-05-05
Estoril,2020,7290,2020-04-27,2020-05-03
Estoril,2021,7290,2021-04-26,2021-05-02
Estoril,2022,7290,2022-04-25,2022-05-01
Estoril,2023,7290,2023-04-03,2023-04-09
Florence,2022,2805,2022-10-10,2022-10-16
Geneva,2015,322,2015-05-17,2015-05-24
Geneva,2016,322,2016-05-15,2016-05-21
Geneva,2017,322,2017-05-21,2017-05-27
Geneva,2018,322,2018-05-21,2018-05-26
Geneva,2019,322,2019-05-19,2019-05-25
Geneva,2020,322,2020-05-17,2020-05-23
Geneva,2021,322,2021-05-16,2021-05-22
Geneva,2022,322,2022-05-15,2022-05-21
Geneva,2023,322,2023-05-21,2023-05-27
Gijon,2022,2807,2022-10-10,2022-10-16
Gstaad,2001,314,2001-07-09,2001-07-15
Gstaad,2002,314,2002-07-08,2002-07-14
Gstaad,2003,314,2003-07-07,2003-07-13
Gstaad,2004,314,2004-07-05,2004-07-11
Gstaad,2005,314,2005-07-04,2005-07-10
Gstaad,2006,314,2006-07-10,2006-07-16
Gstaad,2007,314,2007-07-09,2007-07-15
Gstaad,2008,314,2008-07-07,2008-07-13
Gstaad,2009,314,2009-07-26,2009-08-02
Gstaad,2010,314,2010-07-25,2010-08-01
Gstaad,2011,314,2011-07-25,2011-07-31
Gstaad,2012,314,2012-07-16,2012-07-22
Gstaad,2013,314,2013-07-22,2013-07-28
Gstaad,2014,314,2014-07-21,2014-07-27
Gstaad,2015,314,2015-07-27,2015-08-02
Gstaad,2016,314,2016-07-18,2016-07-24
Gstaad,2017,314,2017-07-24,2017-07-30
Gstaad,2018,314,2018-07-23,2018-07-29
Gstaad,2019,314,2019-07-22,2019-07-28
Gstaad,2020,314,2020-07-20,2020-07-26
Gstaad,2021,314,2021-07-19,2021-07-25
Gstaad,2022,314,2022-07-18,2022-07-24
Gstaad,2023,314,2023-07-17,2023-07-23
Halle,2001,500,2001-06-11,2001-06-17
Halle,2002,500,2002-06-10,2002-06-16
Halle,2003,500,2003-06-09,2003-06-15
Halle,2004,500,2004-06-07,2004-06-13
Halle,2005,500,2005-06-06,2005-06-12
Halle,2006,500,2006-06-12,2006-06-18
Halle,2007,500,2007-06-11,2007-06-17
Halle,2008,500,2008-06-09,2008-06-15
Halle,2009,500,2009-06-08,2009-06-14
Halle,2010,500,2010-06-07,2010-06-13
Halle,2011,500,2011-06-06,2011-06-12
Halle,2012,500,2012-06-11,2012-06-17
Halle,2013,500,2013-06-10,2013-06-16
Halle,2014,500,2014-06-09,2014-06-15
Halle,2015,500,2015-06-15,2015-06-21
Halle,2016,500,2016-06-13,2016-06-19
Halle,2017,500,2017-06-19,2017-06-25
Halle,2018,500,2018-06-18,2018-06-24
Halle,2019,500,2019-06-17,2019-06-23
Halle,2020,500,2020-06-15,2020-06-21
Halle,2021,500,2021-06-14,2021-06-20
Halle,2022,500,2022-06-13,2022-06-19
Halle,2023,500,2023-06-19,2023-06-25
Hamburg,2001,414,2001-05-14,2001-05-20
Hamburg,2002,414,2002-05-13,2002-05-19
Hamburg,2003,414,2003-05-12,2003-05-18
Hamburg,2004,414,2004-05-10,2004-05-16
Hamburg,2005,414,2005-05-09,2005-05-15
Hamburg,2006,414,2006-05-15,2006-05-21
Hamburg,2007,414,2007-05-14,2007-05-20
Hamburg,2008,414,2008-05-11,2008-05-18
Hamburg,2009,414,2009-07-19,2009-07-26
Hamburg,2010,414,2010-07-19,2010-07-25
Hamburg,2011,414,2011-07-18,2011-07-24
Hamburg,2012,414,2012-07-16,2012-07-22
Hamburg,2013,414,2013-07-15,2013-07-21
Hamburg,2014,414,2014-07-14,2014-07-20
Hamburg,2015,414,2015-07-27,2015-08-02
Hamburg,2016,414,2016-07-11,2016-07-17
Hamburg,2017,414,2017-07-24,2017-07-30
Hamburg,2018,414,2018-07-23,2018-07-29
Hamburg,2019,414,2019-07-22,2019-07-28
Hamburg,2020,414,2020-09-21,2020-09-27
Hamburg,2021,414,2021-07-12,2021-07-18
Hamburg,2022,414,2022-07-18,2022-07-24
Hamburg,2023,414,2023-07-24,2023-07-30
Ho Chi Minh City,2005,890,2005-09-26,2005-10-02
Hong Kong,2001,336,2001-09-24,2001-09-30
Hong Kong,2002,336,2002-09-23,2002-09-29
Houston,2001,717,2001-04-30,2001-05-06
Houston,2002,717,2002-04-22,2002-04-28
Houston,2003,717,2003-04-21,2003-04-27
Houston,2004,717,2004-04-12,2004-04-18
Houston,2005,717,2005-04-18,2005-04-24
Houston,2006,717,2006-04-10,2006-04-16
Houston,2007,717,2007-04-09,2007-04-15
Houston,2008,717,2008-04-14,2008-04-20
Houston,2009,717,2009-04-06,2009-04-12
Houston,2010,717,2010-04-05,2010-04-11
Houston,2011,717,2011-04-04,2011-04-10
Houston,2012,717,2012-04-09,2012-04-15
Houston,2013,717,2013-04-08,2013-04-14
Houston,2014,717,2014-04-07,2014-04-13
Houston,2015,717,2015-04-06,2015-04-12
Houston,2016,717,2016-04-04,2016-04-10
Houston,2017,717,2017-04-10,2017-04-16
Houston,2018,717,2018-04-09,2018-04-15
Houston,2019,717,2019-04-08,2019-04-14
Houston,2020,717,2020-04-06,2020-04-12
Houston,2021,717,2021-04-05,2021-04-11
Houston,2022,717,2022-04-04,2022-04-10
Houston,2023,717,2023-04-03,2023-04-09
Indian Wells,2001,404,2001-03-12,2001-03-18
Indian Wells,2002,404,2002-03-11,2002-03-17
Indian Wells,2003,404,2003-03-10,2003-03-16
Indian Wells,2004,404,2004-03-08,2004-03-21
Indian Wells,2005,404,2005-03-07,2005-03-20
Indian Wells,2006,404,2006-03-06,2006-03-19
Indian Wells,2007,404,2007-03-05,2007-03-18
Indian Wells,2008,404,2008-03-13,2008-03-23
Indian Wells,2009,404,2009-03-12,2009-03-22
Indian Wells,2010,404,2010-03-11,2010-03-21
Indian Wells,2011,404,2011-03-10,2011-03-20
Indian Wells,2012,404,2012-03-08,2012-03-18
Indian Wells,2013,404,2013-03-07,2013-03-17
Indian Wells,2014,404,2014-03-06,2014-03-16
Indian Wells,2015,404,2015-03-12,2015-03-22
Indian Wells,2016,404,2016-03-10,2016-03-20
Indian Wells,2017,404,2017-03-09,2017-03-19
Indian Wells,2018,404,2018-03-08,2018-03-18
Indian Wells,2019,404,2019-03-07,2019-03-17
Indian Wells,2020,404,2020-03-12,2020-03-22
Indian Wells,2021,404,2021-10-07,2021-10-17
Indian Wells,2022,404,2022-03-10,2022-03-20
Indian Wells,2023,404,2023-03-08,2023-03-19
Indianapolis,2001,419,2001-08-13,2001-08-19
Indianapolis,2002,419,2002-08-12,2002-08-18
Indianapolis,2003,419,2003-07-21,2003-07-27
Indianapolis,2004,419,2004-07-19,2004-07-25
Indianapolis,2005,419,2005-07-18,2005-07-24
Indianapolis,2006,419,2006-07-17,2006-07-23
Indianapolis,2007,419,2007-07-23,2007-07-29
Indianapolis,2008,419,2008-07-14,2008-07-20
Indianapolis,2009,419,2009-07-19,2009-07-26
Intesa Sanpaolo Next Gen Atp Finals,2021,7696,2021-11-09,2021-11-13
Intesa Sanpaolo Next Gen Atp Finals,2022,7696,2022-11-08,2022-11-12
Istanbul,2015,7163,2015-04-27,2015-05-03
Istanbul,2016,7163,2016-04-25,2016-05-01
Istanbul,2017,7163,2017-05-01,2017-05-07
Istanbul,2018,7163,2018-04-30,2018-05-06
Johannesburg,2009,5012,2009-02-02,2009-02-08
Johannesburg,2010,5012,2010-02-01,2010-02-07
Johannesburg,2011,5012,2011-01-31,2011-02-06
Kitzbuhel,2001,319,2001-07-23,2001-07-29
Kitzbuhel,2002,319,2002-07-22,2002-07-28
Kitzbuhel,2003,319,2003-07-21,2003-07-27
Kitzbuhel,2004,319,2004-07-19,2004-07-25
Kitzbuhel,2005,319,2005-07-25,2005-07-31
Kitzbuhel,2006,319,2006-07-24,2006-07-30
Kitzbuhel,2007,319,2007-07-23,2007-07-29
Kitzbuhel,2008,319,2008-07-14,2008-07-20
Kitzbuhel,2009,319,2009-05-17,2009-05-24
Kitzbuhel,2011,319,2011-07-31,2011-08-06
Kitzbuhel,2012,319,2012-07-22,2012-07-28
Kitzbuhel,2013,319,2013-07-28,2013-08-03
Kitzbuhel,2014,319,2014-07-27,2014-08-02
Kitzbuhel,2015,319,2015-08-03,2015-08-08
Kitzbuhel,2016,319,2016-07-18,2016-07-23
Kitzbuhel,2017,319,2017-07-31,2017-08-05
Kitzbuhel,2018,319,2018-07-30,2018-08-04
Kitzbuhel,2019,319,2019-07-29,2019-08-03
Kitzbuhel,2020,319,2020-09-08,2020-09-13
Kitzbuhel,2021,319,2021-07-26,2021-07-31
Kitzbuhel,2022,319,2022-07-25,2022-07-30
Kitzbuhel,2023,319,2023-07-31,2023-08-05
Kuala Lumpur,2009,6003,2009-09-28,2009-10-04
Kuala Lumpur,2010,6003,2010-09-27,2010-10-03
Kuala Lumpur,2011,6003,2011-09-26,2011-10-02
Kuala Lumpur,2012,6003,2012-09-24,2012-09-30
Kuala Lumpur,2013,6003,2013-09-23,2013-09-29
Kuala Lumpur,2014,6003,2014-09-22,2014-09-28
Kuala Lumpur,2015,6003,2015-09-28,2015-10-04
Las Vegas,2006,433,2006-02-27,2006-03-05
Las Vegas,2007,433,2007-02-26,2007-03-04
Las Vegas,2008,433,2008-03-03,2008-03-09
Laver Cup,2017,9210,2017-09-22,2017-09-24
Laver Cup,2018,9210,2018-09-21,2018-09-23
Laver Cup,2019,9210,2019-09-20,2019-09-22
Laver Cup,2020,9210,2020-09-25,2020-09-27
Laver Cup,2021,9210,2021-09-24,2021-09-26
Laver Cup,2022,9210,2022-09-23,2022-09-25
Laver Cup,2023,9210,2023-09-22,2023-09-24
London,2001,311,2001-06-11,2001-06-17
London,2002,311,2002-06-10,2002-06-16
London,2003,311,2003-06-09,2003-06-15
London,2004,311,2004-06-07,2004-06-13
London,2005,311,2005-06-06,2005-06-12
London,2006,311,2006-06-12,2006-06-18
London,2007,311,2007-06-11,2007-06-17
London,2008,311,2008-06-09,2008-06-15
London,2009,311,2009-06-08,2009-06-14
London,2010,311,2010-06-07,2010-06-13
London,2011,311,2011-06-06,2011-06-12
London,2012,311,2012-06-11,2012-06-17
London,2013,311,2013-06-10,2013-06-16
London,2014,311,2014-06-09,2014-06-15
London,2015,311,2015-06-15,2015-06-21
London,2016,311,2016-06-13,2016-06-19
London,2017,311,2017-06-19,2017-06-25
London,2018,311,2018-06-18,2018-06-24
London,2019,311,2019-06-17,2019-06-23
London,2020,311,2020-06-15,2020-06-21
London,2021,311,2021-06-14,2021-06-20
London,2022,311,2022-06-13,2022-06-19
London,2023,311,2023-06-19,2023-06-25
London Olympics,2012,96,2012-07-25,2012-08-05
Long Island,2001,441,2001-08-20,2001-08-26
Long Island,2002,441,2002-08-19,2002-08-25
Long Island,2003,441,2003-08-18,2003-08-24
Long Island,2004,441,2004-08-23,2004-08-29
Los Angeles,2001,423,2001-07-23,2001-07-29
Los Angeles,2002,423,2002-07-22,2002-07-28
Los Angeles,2003,423,2003-07-28,2003-08-03
Los Angeles,2004,423,2004-07-12,2004-07-18
Los Angeles,2005,423,2005-07-25,2005-07-31
Los Angeles,2006,423,2006-07-24,2006-07-30
Los Angeles,2007,423,2007-07-16,2007-07-22
Los Angeles,2008,423,2008-08-04,2008-08-10
Los Angeles,2009,423,2009-07-27,2009-08-02
Los Angeles,2010,423,2010-07-26,2010-08-01
Los Angeles,2011,423,2011-07-25,2011-07-31
Los Angeles,2012,423,2012-07-23,2012-07-29
Los Cabos,2016,7480,2016-08-08,2016-08-13
Los Cabos,2017,7480,2017-07-31,2017-08-05
Los Cabos,2018,7480,2018-07-30,2018-08-04
Los Cabos,2019,7480,2019-07-29,2019-08-03
Los Cabos,2020,7480,2020-07-20,2020-07-25
Los Cabos,2021,7480,2021-07-19,2021-07-24
Los Cabos,2022,7480,2022-08-01,2022-08-06
Los Cabos,2023,7480,2023-07-31,2023-08-05
Lyon,2001,7309,2001-10-08,2001-10-14
Lyon,2002,7309,2002-10-07,2002-10-13
Lyon,2003,7309,2003-10-06,2003-10-12
Lyon,2004,7309,2004-10-04,2004-10-10
Lyon,2005,7309,2005-10-24,2005-10-30
Lyon,2006,7309,2006-10-23,2006-10-29
Lyon,2007,7309,2007-10-22,2007-10-28
Lyon,2008,7309,2008-10-20,2008-10-26
Lyon,2009,7309,2009-10-26,2009-11-01
Lyon,2017,7694,2017-05-21,2017-05-27
Lyon,2018,7694,2018-05-20,2018-05-26
Lyon,2019,7694,2019-05-19,2019-05-25
Lyon,2020,7694,2020-05-17,2020-05-23
Lyon,2021,7694,2021-05-17,2021-05-23
Lyon,2022,7694,2022-05-15,2022-05-21
Lyon,2023,7694,2023-05-21,2023-05-27
Madrid,2002,1536,2002-10-14,2002-10-20
Madrid,2003,1536,2003-10-13,2003-10-19
Madrid,2004,1536,2004-10-18,2004-10-24
Madrid,2005,1536,2005-10-17,2005-10-23
Madrid,2006,1536,2006-10-16,2006-10-22
Madrid,2007,1536,2007-10-15,2007-10-21
Madrid,2008,1536,2008-10-12,2008-10-19
Madrid,2009,1536,2009-05-10,2009-05-17
Madrid,2010,1536,2010-05-09,2010-05-16
Madrid,2011,1536,2011-05-01,2011-05-08
Madrid,2012,1536,2012-05-06,2012-05-13
Madrid,2013,1536,2013-05-05,2013-05-12
Madrid,2014,1536,2014-05-04,2014-05-11
Madrid,2015,1536,2015-05-03,2015-05-10
Madrid,2016,1536,2016-05-01,2016-05-08
Madrid,2017,1536,2017-05-07,2017-05-14
Madrid,2018,1536,2018-05-06,2018-05-13
Madrid,2019,1536,2019-05-05,2019-05-12
Madrid,2020,1536,2020-09-13,2020-09-20
Madrid,2021,1536,2021-05-02,2021-05-09
Madrid,2022,1536,2022-05-01,2022-05-08
Madrid,2023,1536,2023-04-26,2023-05-07
Mallorca,2001,7306,2001-04-30,2001-05-06
Mallorca,2002,7306,2002-04-29,2002-05-05
Mallorca,2020,8994,2020-06-21,2020-06-27
Mallorca,2021,8994,2021-06-20,2021-06-26
Mallorca,2022,8994,2022-06-19,2022-06-25
Mallorca,2023,8994,2023-06-24,2023-07-01
Marbella,2021,9462,2021-04-05,2021-04-11
Marrakech,2016,360,2016-04-04,2016-04-10
Marrakech,2017,360,2017-04-10,2017-04-16
Marrakech,2018,360,2018-04-09,2018-04-15
Marrakech,2019,360,2019-04-08,2019-04-14
Marrakech,2020,360,2020-04-06,2020-04-12
Marrakech,2021,360,2021-04-05,2021-04-11
Marrakech,2022,360,2022-04-04,2022-04-10
Marrakech,2023,360,2023-04-03,2023-04-09
Marseille,2001,496,2001-02-12,2001-02-18
Marseille,2002,496,2002-02-11,2002-02-17
Marseille,2003,496,2003-02-10,2003-02-16
Marseille,2004,496,2004-02-23,2004-02-29
Marseille,2005,496,2005-02-07,2005-02-13
Marseille,2006,496,2006-02-13,2006-02-19
Marseille,2007,496,2007-02-12,2007-02-18
Marseille,2008,496,2008-02-11,2008-02-17
Marseille,2009,496,2009-02-16,2009-02-22
Marseille,2010,496,2010-02-15,2010-02-21
Marseille,2011,496,2011-02-14,2011-02-20
Marseille,2012,496,2012-02-20,2012-02-26
Marseille,2013,496,2013-02-18,2013-02-24
Marseille,2014,496,2014-02-17,2014-02-23
Marseille,2015,496,2015-02-16,2015-02-22
Marseille,2016,496,2016-02-15,2016-02-21
Marseille,2017,496,2017-02-20,2017-02-26
Marseille,2018,496,2018-02-19,2018-02-25
Marseille,2019,496,2019-02-18,2019-02-24
Marseille,2020,496,2020-02-17,2020-02-23
Marseille,2021,496,2021-03-08,2021-03-14
Marseille,2022,496,2022-02-14,2022-02-20
Marseille,2023,496,2023-02-20,2023-02-26
Melbourne,2022,9665,2022-01-04,2022-01-09
Melbourne 1,2021,8998,2021-02-01,2021-02-07
Melbourne 2,2021,9428,2021-02-01,2021-02-07
Memphis,2001,402,2001-02-12,2001-02-18
Memphis,2002,402,2002-02-11,2002-02-17
Memphis,2003,402,2003-02-10,2003-02-16
Memphis,2004,402,2004-02-23,2004-02-29
Memphis,2005,402,2005-02-07,2005-02-13
Memphis,2006,402,2006-02-13,2006-02-19
Memphis,2007,402,2007-02-12,2007-02-18
Memphis,2008,402,2008-02-11,2008-02-17
Memphis,2009,402,2009-02-16,2009-02-22
Memphis,2010,402,2010-02-15,2010-02-21
Memphis,2011,402,2011-02-14,2011-02-20
Memphis,2012,402,2012-02-20,2012-02-26
Memphis,2013,402,2013-02-18,2013-02-24
Memphis,2014,424,2014-02-10,2014-02-16
Memphis,2015,424,2015-02-09,2015-02-15
Memphis,2016,424,2016-02-08,2016-02-14
Memphis,2017,424,2017-02-13,2017-02-19
Metz,2003,341,2003-09-29,2003-10-05
Metz,2004,341,2004-10-11,2004-10-17
Metz,2005,341,2005-10-03,2005-10-09
Metz,2006,341,2006-10-02,2006-10-08
Metz,2007,341,2007-10-01,2007-10-07
Metz,2008,341,2008-09-29,2008-10-05
Metz,2009,341,2009-09-21,2009-09-27
Metz,2010,341,2010-09-20,2010-09-26
Metz,2011,341,2011-09-19,2011-09-25
Metz,2012,341,2012-09-17,2012-09-23
Metz,2013,341,2013-09-16,2013-09-22
Metz,2014,341,2014-09-15,2014-09-21
Metz,2015,341,2015-09-21,2015-09-27
Metz,2016,341,2016-09-19,2016-09-25
Metz,2017,341,2017-09-18,2017-09-24
Metz,2018,341,2018-09-17,2018-09-23
Metz,2019,341,2019-09-15,2019-09-22
Metz,2020,341,2020-09-21,2020-09-27
Metz,2021,341,2021-09-20,2021-09-26
Metz,2022,341,2022-09-19,2022-09-25
Metz,2023,341,2023-11-05,2023-11-11
Miami,2001,403,2001-03-19,2001-04-01
Miami,2002,403,2002-03-18,2002-03-31
Miami,2003,403,2003-03-17,2003-03-30
Miami,2004,403,2004-03-22,2004-04-04
Miami,2005,403,2005-03-21,2005-04-03
Miami,2006,403,2006-03-20,2006-04-02
Miami,2007,403,2007-03-19,2007-04-01
Miami,2008,403,2008-03-27,2008-04-06
Miami,2009,403,2009-03-25,2009-04-05
Miami,2010,403,2010-03-24,2010-04-04
Miami,2011,403,2011-03-23,2011-04-03
Miami,2012,403,2012-03-21,2012-04-01
Miami,2013,403,2013-03-20,2013-03-31
Miami,2014,403,2014-03-19,2014-03-30
Miami,2015,403,2015-03-25,2015-04-05
Miami,2016,403,2016-03-23,2016-04-03
Miami,2017,403,2017-03-22,2017-04-02
Miami,2018,403,2018-03-21,2018-04-01
Miami,2019,403,2019-03-20,2019-03-31
Miami,2020,403,2020-03-25,2020-04-05
Miami,2021,403,2021-03-24,2021-04-04
Miami,2022,403,2022-03-23,2022-04-03
Miami,2023,403,2023-03-22,2023-04-02
Milan,2001,408,2001-01-29,2001-02-04
Milan,2002,408,2002-01-28,2002-02-03
Milan,2003,408,2003-01-27,2003-02-02
Milan,2004,408,2004-02-09,2004-02-15
Milan,2005,408,2005-01-31,2005-02-06
Monte Carlo,2001,410,2001-04-16,2001-04-22
Monte Carlo,2002,410,2002-04-15,2002-04-21
Monte Carlo,2003,410,2003-04-14,2003-04-20
Monte Carlo,2004,410,2004-04-19,2004-04-25
Monte Carlo,2005,410,2005-04-11,2005-04-17
Monte Carlo,2006,410,2006-04-17,2006-04-23
Monte Carlo,2007,410,2007-04-15,2007-04-22
Monte Carlo,2008,410,2008-04-20,2008-04-27
Monte Carlo,2009,410,2009-04-12,2009-04-19
Monte Carlo,2010,410,2010-04-11,2010-04-18
Monte Carlo,2011,410,2011-04-10,2011-04-17
Monte Carlo,2012,410,2012-04-15,2012-04-22
Monte Carlo,2014,410,2014-04-13,2014-04-20
Monte Carlo,2016,410,2016-04-10,2016-04-17
Monte Carlo,2017,410,2017-04-16,2017-04-23
Monte Carlo,2018,410,2018-04-15,2018-04-22
Monte Carlo,2019,410,2019-04-14,2019-04-21
Monte Carlo,2020,410,2020-04-12,2020-04-19
Monte Carlo,2021,410,2021-04-11,2021-04-18
Monte Carlo,2022,410,2022-04-10,2022-04-17
Monte-Carlo,2013,410,2013-04-14,2013-04-21
Monte-Carlo,2015,410,2015-04-12,2015-04-19
Monte-Carlo,2023,410,2023-04-09,2023-04-16
Montpellier,2010,375,2010-10-25,2010-10-31
Montpellier,2012,375,2012-01-30,2012-02-05
Montpellier,2013,375,2013-02-04,2013-02-10
Montpellier,2014,375,2014-02-03,2014-02-09
Montpellier,2015,375,2015-02-02,2015-02-08
Montpellier,2016,375,2016-02-01,2016-02-07
Montpellier,2017,375,2017-02-06,2017-02-12
Montpellier,2018,375,2018-02-05,2018-02-11
Montpellier,2019,375,2019-02-04,2019-02-10
Montpellier,2020,375,2020-02-03,2020-02-09
Montpellier,2021,375,2021-02-22,2021-02-28
Montpellier,2022,375,2022-01-31,2022-02-06
Montpellier,2023,375,2023-02-06,2023-02-12
Montreal,2001,421,2001-07-30,2001-08-05
Montreal,2003,421,2003-08-04,2003-08-10
Montreal,2005,421,2005-08-08,2005-08-14
Montreal,2007,421,2007-08-05,2007-08-12
Montreal,2009,421,2009-08-10,2009-08-16
Montreal,2011,421,2011-08-08,2011-08-14
Montreal,2013,421,2013-08-05,2013-08-11
Montreal,2015,421,2015-08-10,2015-08-16
Montreal,2017,421,2017-08-07,2017-08-13
Montreal,2019,421,2019-08-05,2019-08-11
Montreal,2022,421,2022-08-08,2022-08-14
Moscow,2001,438,2001-10-01,2001-10-07
Moscow,2002,438,2002-09-30,2002-10-06
Moscow,2003,438,2003-09-29,2003-10-05
Moscow,2004,438,2004-10-11,2004-10-17
Moscow,2005,438,2005-10-10,2005-10-16
Moscow,2006,438,2006-10-09,2006-10-15
Moscow,2007,438,2007-10-08,2007-10-14
Moscow,2008,438,2008-10-06,2008-10-12
Moscow,2009,438,2009-10-19,2009-10-25
Moscow,2010,438,2010-10-18,2010-10-24
Moscow,2011,438,2011-10-17,2011-10-23
Moscow,2012,438,2012-10-15,2012-10-21
Moscow,2013,438,2013-10-14,2013-10-20
Moscow,2014,438,2014-10-13,2014-10-19
Moscow,2015,438,2015-10-19,2015-10-25
Moscow,2016,438,2016-10-17,2016-10-23
Moscow,2017,438,2017-10-16,2017-10-22
Moscow,2018,438,2018-10-15,2018-10-21
Moscow,2019,438,2019-10-14,2019-10-20
Moscow,2020,438,2020-10-19,2020-10-25
Moscow,2021,438,2021-10-18,2021-10-24
Mumbai,2006,3465,2006-09-25,2006-10-01
Mumbai,2007,3465,2007-09-24,2007-09-30
Munich,2001,308,2001-04-30,2001-05-06
Munich,2002,308,2002-04-29,2002-05-05
Munich,2003,308,2003-04-28,2003-05-04
Munich,2004,308,2004-04-26,2004-05-02
Munich,2005,308,2005-04-25,2005-05-01
Munich,2006,308,2006-05-01,2006-05-07
Munich,2007,308,2007-04-30,2007-05-06
Munich,2008,308,2008-04-28,2008-05-04
Munich,2009,308,2009-05-03,2009-05-10
Munich,2010,308,2010-05-02,2010-05-09
Munich,2011,308,2011-04-24,2011-05-01
Munich,2012,308,2012-04-30,2012-05-06
Munich,2013,308,2013-04-29,2013-05-05
Munich,2014,308,2014-04-28,2014-05-04
Munich,2015,308,2015-04-27,2015-05-03
Munich,2016,308,2016-04-25,2016-05-01
Munich,2017,308,2017-05-01,2017-05-07
Munich,2018,308,2018-04-30,2018-05-06
Munich,2019,308,2019-04-29,2019-05-05
Munich,2020,308,2020-04-27,2020-05-03
Munich,2021,308,2021-04-26,2021-05-02
Munich,2022,308,2022-04-25,2022-05-01
Munich,2023,308,2023-04-17,2023-04-23
Naples,2022,2809,2022-10-17,2022-10-23
New Haven,2005,3348,2005-08-22,2005-08-28
New Haven,2006,3348,2006-08-21,2006-08-27
New Haven,2007,3348,2007-08-19,2007-08-26
New Haven,2008,3348,2008-08-17,2008-08-24
New Haven,2009,3348,2009-08-23,2009-08-30
New Haven,2010,3348,2010-08-22,2010-08-28
New York,2018,424,2018-02-12,2018-02-18
New York,2019,424,2019-02-11,2019-02-17
New York,2020,422,2020-08-22,2020-08-29
New York,2020,424,2020-02-10,2020-02-16
New York,2021,424,2021-02-08,2021-02-14
Newport,2001,315,2001-07-09,2001-07-15
Newport,2002,315,2002-07-08,2002-07-14
Newport,2003,315,2003-07-07,2003-07-13
Newport,2004,315,2004-07-05,2004-07-11
Newport,2005,315,2005-07-04,2005-07-10
Newport,2006,315,2006-07-10,2006-07-16
Newport,2007,315,2007-07-09,2007-07-15
Newport,2008,315,2008-07-07,2008-07-13
Newport,2009,315,2009-07-06,2009-07-12
Newport,2010,315,2010-07-05,2010-07-11
Newport,2011,315,2011-07-04,2011-07-10
Newport,2012,315,2012-07-09,2012-07-15
Newport,2013,315,2013-07-08,2013-07-14
Newport,2014,315,2014-07-07,2014-07-13
Newport,2015,315,2015-07-13,2015-07-19
Newport,2016,315,2016-07-11,2016-07-17
Newport,2017,315,2017-07-17,2017-07-23
Newport,2018,315,2018-07-16,2018-07-22
Newport,2019,315,2019-07-14,2019-07-21
Newport,2020,315,2020-07-13,2020-07-19
Newport,2021,315,2021-07-12,2021-07-18
Newport,2022,315,2022-07-11,2022-07-17
Newport,2023,315,2023-07-17,2023-07-23
Next Gen Atp Finals,2017,7696,2017-11-07,2017-11-11
Next Gen Atp Finals,2018,7696,2018-11-06,2018-11-10
Next Gen Atp Finals,2019,7696,2019-11-05,2019-11-09
Next Gen Atp Finals,2020,7696,2020-11-10,2020-11-14
Next Gen Atp Finals,2023,7696,2023-11-28,2023-12-02
Nice,2010,6120,2010-07-05,2010-07-11
Nice,2011,6120,2011-05-15,2011-05-21
Nice,2012,6120,2012-05-20,2012-05-26
Nice,2013,6120,2013-05-19,2013-05-25
Nice,2014,6120,2014-05-18,2014-05-24
Nice,2015,6120,2015-05-17,2015-05-24
Nice,2016,6120,2016-05-15,2016-05-21
Nitto Atp Finals,2017,605,2017-11-12,2017-11-19
Nitto Atp Finals,2018,605,2018-11-11,2018-11-18
Nitto Atp Finals,2019,605,2019-11-10,2019-11-17
Nitto Atp Finals,2020,605,2020-11-15,2020-11-22
Nitto Atp Finals,2021,605,2021-11-14,2021-11-21
Nitto Atp Finals,2022,605,2022-11-13,2022-11-20
Nitto Atp Finals,2023,605,2023-11-12,2023-11-19
Nottingham,2001,741,2001-06-18,2001-06-24
Nottingham,2002,741,2002-06-17,2002-06-23
Nottingham,2003,741,2003-06-16,2003-06-22
Nottingham,2004,741,2004-06-14,2004-06-20
Nottingham,2005,741,2005-06-13,2005-06-19
Nottingham,2006,741,2006-06-19,2006-06-25
Nottingham,2007,741,2007-06-18,2007-06-24
Nottingham,2008,741,2008-06-16,2008-06-22
Nottingham,2015,741,2015-06-21,2015-06-28
Nottingham,2016,741,2016-06-19,2016-06-25
Nur-Sultan,2020,9410,2020-10-26,2020-11-01
Nur-Sultan,2021,9410,2021-09-20,2021-09-26
Oeiras,2013,468,2013-04-29,2013-05-05
Oeiras,2014,468,2014-04-28,2014-05-04
Palermo,2001,325,2001-09-24,2001-09-30
Palermo,2002,325,2002-09-23,2002-09-29
Palermo,2003,325,2003-09-22,2003-09-28
Palermo,2004,325,2004-09-27,2004-10-03
Palermo,2005,325,2005-09-26,2005-10-02
Palermo,2006,325,2006-09-25,2006-10-01
Paris,2001,352,2001-10-29,2001-11-04
Paris,2002,352,2002-10-28,2002-11-03
Paris,2003,352,2003-10-27,2003-11-02
Paris,2004,352,2004-11-01,2004-11-07
Paris,2005,352,2005-10-31,2005-11-06
Paris,2006,352,2006-10-30,2006-11-05
Paris,2007,352,2007-10-28,2007-11-04
Paris,2008,352,2008-10-26,2008-11-02
Paris,2009,352,2009-11-08,2009-11-15
Paris,2010,352,2010-11-07,2010-11-14
Paris,2011,352,2011-11-07,2011-11-13
Paris,2012,352,2012-10-29,2012-11-04
Paris,2013,352,2013-10-28,2013-11-03
Paris,2014,352,2014-10-27,2014-11-02
Paris,2015,352,2015-11-02,2015-11-08
Paris,2016,352,2016-10-31,2016-11-06
Paris,2017,352,2017-10-30,2017-11-05
Paris,2018,352,2018-10-29,2018-11-04
Paris,2019,352,2019-10-28,2019-11-03
Paris,2020,352,2020-11-02,2020-11-08
Paris,2021,352,2021-11-01,2021-11-07
Paris,2022,352,2022-10-31,2022-11-06
Paris,2023,352,2023-10-30,2023-11-05
Parma,2021,9510,2021-05-23,2021-05-29
Portschach,2006,306,2006-05-22,2006-05-28
Portschach,2007,306,2007-05-20,2007-05-27
Portschach,2008,306,2008-05-18,2008-05-25
Pune,2018,891,2018-12-31,2019-01-05
Pune,2018,891,2018-01-01,2018-01-06
Pune,2020,891,2020-02-03,2020-02-09
Pune,2021,891,2021-02-01,2021-02-07
Pune,2022,891,2022-01-31,2022-02-06
Pune,2023,891,2023-01-02,2023-01-07
Quito,2015,7161,2015-02-02,2015-02-08
Quito,2016,7161,2016-02-01,2016-02-07
Quito,2017,7161,2017-02-06,2017-02-12
Quito,2018,7161,2018-02-05,2018-02-11
Rio De Janeiro,2014,6932,2014-02-17,2014-02-23
Rio De Janeiro,2015,6932,2015-02-16,2015-02-22
Rio De Janeiro,2016,6932,2016-02-15,2016-02-21
Rio De Janeiro,2017,6932,2017-02-20,2017-02-26
Rio De Janeiro,2018,6932,2018-02-19,2018-02-25
Rio De Janeiro,2019,6932,2019-02-18,2019-02-24
Rio De Janeiro,2020,6932,2020-02-17,2020-02-23
Rio De Janeiro,2021,6932,2021-02-15,2021-02-21
Rio De Janeiro,2022,6932,2022-02-14,2022-02-20
Rio De Janeiro,2023,6932,2023-02-20,2023-02-26
Rio Olympics,2016,96,2016-08-04,2016-08-14
Roland Garros,2001,520,2001-05-28,2001-06-10
Roland Garros,2002,520,2002-05-27,2002-06-09
Roland Garros,2003,520,2003-05-26,2003-06-08
Roland Garros,2004,520,2004-05-24,2004-06-06
Roland Garros,2005,520,2005-05-23,2005-06-05
Roland Garros,2006,520,2006-05-29,2006-06-11
Roland Garros,2007,520,2007-05-28,2007-06-10
Roland Garros,2008,520,2008-05-25,2008-06-08
Roland Garros,2009,520,2009-05-25,2009-06-07
Roland Garros,2010,520,2010-05-24,2010-06-06
Roland Garros,2011,520,2011-05-22,2011-06-05
Roland Garros,2012,520,2012-05-27,2012-06-10
Roland Garros,2013,520,2013-05-27,2013-06-09
Roland Garros,2014,520,2014-05-26,2014-06-08
Roland Garros,2015,520,2015-05-24,2015-06-07
Roland Garros,2016,520,2016-05-22,2016-06-05
Roland Garros,2017,520,2017-05-28,2017-06-11
Roland Garros,2018,520,2018-05-27,2018-06-10
Roland Garros,2019,520,2019-05-26,2019-06-09
Roland Garros,2020,520,2020-09-27,2020-10-11
Roland Garros,2021,520,2021-05-30,2021-06-13
Roland Garros,2022,520,2022-05-22,2022-06-05
Roland Garros,2023,520,2023-05-28,2023-06-11
Rome,2001,416,2001-05-07,2001-05-13
Rome,2002,416,2002-05-06,2002-05-12
Rome,2003,416,2003-05-05,2003-05-11
Rome,2004,416,2004-05-03,2004-05-09
Rome,2005,416,2005-05-02,2005-05-08
Rome,2006,416,2006-05-08,2006-05-14
Rome,2007,416,2007-05-07,2007-05-13
Rome,2008,416,2008-05-05,2008-05-11
Rome,2009,416,2009-04-27,2009-05-03
Rome,2010,416,2010-04-25,2010-05-02
Rome,2011,416,2011-05-08,2011-05-15
Rome,2012,416,2012-05-13,2012-05-20
Rome,2013,416,2013-05-12,2013-05-19
Rome,2014,416,2014-05-11,2014-05-18
Rome,2015,416,2015-05-10,2015-05-17
Rome,2016,416,2016-05-08,2016-05-15
Rome,2017,416,2017-05-14,2017-05-21
Rome,2018,416,2018-05-13,2018-05-20
Rome,2019,416,2019-05-12,2019-05-19
Rome,2020,416,2020-09-14,2020-09-21
Rome,2021,416,2021-05-09,2021-05-16
Rome,2022,416,2022-05-08,2022-05-15
Rome,2023,416,2023-05-10,2023-05-21
Rotterdam,2001,407,2001-02-19,2001-02-25
Rotterdam,2002,407,2002-02-18,2002-02-24
Rotterdam,2003,407,2003-02-17,2003-02-23
Rotterdam,2004,407,2004-02-16,2004-02-22
Rotterdam,2005,407,2005-02-14,2005-02-20
Rotterdam,2006,407,2006-02-20,2006-02-26
Rotterdam,2007,407,2007-02-19,2007-02-25
Rotterdam,2008,407,2008-02-18,2008-02-24
Rotterdam,2009,407,2009-02-09,2009-02-15
Rotterdam,2010,407,2010-02-08,2010-02-14
Rotterdam,2011,407,2011-02-07,2011-02-13
Rotterdam,2012,407,2012-02-13,2012-02-19
Rotterdam,2013,407,2013-02-11,2013-02-17
Rotterdam,2014,407,2014-02-10,2014-02-16
Rotterdam,2015,407,2015-02-09,2015-02-15
Rotterdam,2016,407,2016-02-08,2016-02-14
Rotterdam,2017,407,2017-02-13,2017-02-19
Rotterdam,2018,407,2018-02-12,2018-02-18
Rotterdam,2019,407,2019-02-11,2019-02-17
Rotterdam,2020,407,2020-02-10,2020-02-16
Rotterdam,2021,407,2021-03-01,2021-03-07
Rotterdam,2022,407,2022-02-07,2022-02-13
Rotterdam,2023,407,2023-02-13,2023-02-19
San Diego,2021,9569,2021-09-27,2021-10-03
San Diego,2022,9569,2022-09-19,2022-09-25
San Jose,2001,424,2001-02-26,2001-03-04
San Jose,2002,424,2002-02-25,2002-03-03
San Jose,2003,424,2003-02-10,2003-02-16
San Jose,2004,424,2004-02-09,2004-02-15
San Jose,2005,424,2005-02-07,2005-02-13
San Jose,2006,424,2006-02-13,2006-02-19
San Jose,2007,424,2007-02-12,2007-02-18
San Jose,2008,424,2008-02-18,2008-02-24
San Jose,2009,424,2009-02-09,2009-02-15
San Jose,2010,424,2010-02-08,2010-02-14
San Jose,2011,424,2011-02-07,2011-02-13
San Jose,2012,424,2012-02-13,2012-02-19
San Jose,2013,424,2013-02-11,2013-02-17
Santiago,2010,8996,2010-02-01,2010-02-07
Santiago,2011,8996,2011-01-31,2011-02-06
Santiago,2020,8996,2020-02-24,2020-03-01
Santiago,2021,8996,2021-03-08,2021-03-14
Santiago,2022,8996,2022-02-21,2022-02-27
Santiago,2023,8996,2023-02-27,2023-03-05
Sao Paulo,2012,533,2012-02-13,2012-02-19
Sao Paulo,2013,533,2013-02-11,2013-02-17
Sao Paulo,2014,533,2014-02-24,2014-03-02
Sao Paulo,2015,533,2015-02-09,2015-02-15
Sao Paulo,2016,533,2016-02-22,2016-02-28
Sao Paulo,2017,533,2017-02-27,2017-03-06
Sao Paulo,2018,533,2018-02-26,2018-03-04
Sao Paulo,2019,533,2019-02-25,2019-03-03
Sardinia,2020,9408,2020-10-12,2020-10-18
Scottsdale,2001,433,2001-03-05,2001-03-11
Scottsdale,2002,433,2002-03-04,2002-03-10
Scottsdale,2003,433,2003-03-03,2003-03-09
Scottsdale,2004,433,2004-03-01,2004-03-07
Scottsdale,2005,433,2005-02-21,2005-02-27
Seoul,2022,4140,2022-09-26,2022-10-02
Shanghai,2001,890,2001-09-17,2001-09-23
Shanghai,2003,890,2003-09-22,2003-09-28
Shanghai,2004,890,2004-09-27,2004-10-03
Shanghai,2009,5014,2009-10-11,2009-10-18
Shanghai,2010,5014,2010-10-10,2010-10-17
Shanghai,2011,5014,2011-10-09,2011-10-16
Shanghai,2012,5014,2012-10-07,2012-10-14
Shanghai,2013,5014,2013-10-07,2013-10-13
Shanghai,2014,5014,2014-10-05,2014-10-12
Shanghai,2015,5014,2015-10-11,2015-10-18
Shanghai,2016,5014,2016-10-09,2016-10-16
Shanghai,2017,5014,2017-10-08,2017-10-15
Shanghai,2018,5014,2018-10-07,2018-10-14
Shanghai,2019,5014,2019-10-06,2019-10-13
Shanghai,2020,5014,2020-10-11,2020-10-18
Shanghai,2021,5014,2021-10-03,2021-10-10
Shanghai,2023,5014,2023-10-04,2023-10-15
Shenzhen,2014,6967,2014-09-22,2014-09-28
Shenzhen,2015,6967,2015-09-28,2015-10-04
Shenzhen,2016,6967,2016-09-26,2016-10-02
Shenzhen,2017,6967,2017-09-25,2017-10-01
Shenzhen,2018,6967,2018-09-24,2018-09-30
Singapore,2021,9460,2021-02-22,2021-02-28
Sofia,2016,7434,2016-02-01,2016-02-07
Sofia,2017,7434,2017-02-06,2017-02-12
Sofia,2018,7434,2018-02-05,2018-02-11
Sofia,2019,7434,2019-02-04,2019-02-10
Sofia,2020,7434,2020-11-08,2020-11-14
Sofia,2021,7434,2021-09-27,2021-10-03
Sofia,2022,7434,2022-09-26,2022-10-02
Sopot,2001,475,2001-07-23,2001-07-29
Sopot,2002,475,2002-07-22,2002-07-28
Sopot,2003,475,2003-07-28,2003-08-03
Sopot,2004,475,2004-08-09,2004-08-15
Sopot,2005,475,2005-08-01,2005-08-07
Sopot,2006,475,2006-07-31,2006-08-06
Sopot,2007,475,2007-07-30,2007-08-05
St. Petersburg,2001,568,2001-10-22,2001-10-28
St. Petersburg,2002,568,2002-10-21,2002-10-27
St. Petersburg,2003,568,2003-10-20,2003-10-26
St. Petersburg,2004,568,2004-10-25,2004-10-31
St. Petersburg,2005,568,2005-10-24,2005-10-30
St. Petersburg,2006,568,2006-10-23,2006-10-29
St. Petersburg,2007,568,2007-10-22,2007-10-28
St. Petersburg,2008,568,2008-10-20,2008-10-26
St. Petersburg,2009,568,2009-10-25,2009-11-01
St. Petersburg,2010,568,2010-10-25,2010-10-31
St. Petersburg,2011,568,2011-10-24,2011-10-30
St. Petersburg,2012,568,2012-09-17,2012-09-23
St. Petersburg,2013,568,2013-09-16,2013-09-22
St. Petersburg,2015,568,2015-09-21,2015-09-27
St. Petersburg,2016,568,2016-09-19,2016-09-25
St. Petersburg,2017,568,2017-09-18,2017-09-24
St. Petersburg,2018,568,2018-09-17,2018-09-23
St. Petersburg,2019,568,2019-09-15,2019-09-22
St. Petersburg,2020,568,2020-10-12,2020-10-18
St. Petersburg,2021,568,2021-10-25,2021-10-31
St. Polten,2001,306,2001-05-21,2001-05-27
St. Polten,2002,306,2002-05-20,2002-05-26
St. Polten,2003,306,2003-05-19,2003-05-25
St. Polten,2004,306,2004-05-17,2004-05-23
St. Polten,2005,306,2005-05-16,2005-05-22
Stockholm,2001,429,2001-10-22,2001-10-28
Stockholm,2002,429,2002-10-21,2002-10-27
Stockholm,2003,429,2003-10-20,2003-10-26
Stockholm,2004,429,2004-10-25,2004-10-31
Stockholm,2005,429,2005-10-10,2005-10-16
Stockholm,2006,429,2006-10-09,2006-10-15
Stockholm,2007,429,2007-10-07,2007-10-14
Stockholm,2008,429,2008-10-06,2008-10-12
Stockholm,2009,429,2009-10-19,2009-10-25
Stockholm,2010,429,2010-10-18,2010-10-24
Stockholm,2011,429,2011-10-17,2011-10-23
Stockholm,2012,429,2012-10-15,2012-10-21
Stockholm,2013,429,2013-10-14,2013-10-20
Stockholm,2014,429,2014-10-13,2014-10-19
Stockholm,2015,429,2015-10-19,2015-10-25
Stockholm,2016,429,2016-10-17,2016-10-23
Stockholm,2017,429,2017-10-16,2017-10-22
Stockholm,2018,429,2018-10-15,2018-10-21
Stockholm,2019,429,2019-10-14,2019-10-20
Stockholm,2020,429,2020-10-19,2020-10-25
Stockholm,2021,429,2021-11-07,2021-11-13
Stockholm,2022,429,2022-10-17,2022-10-23
Stockholm,2023,429,2023-10-16,2023-10-22
Stuttgart,2001,357,2001-10-15,2001-10-21
Stuttgart,2002,321,2002-07-15,2002-07-21
Stuttgart,2003,321,2003-07-14,2003-07-20
Stuttgart,2004,321,2004-07-12,2004-07-18
Stuttgart,2005,321,2005-07-18,2005-07-24
Stuttgart,2006,321,2006-07-17,2006-07-23
Stuttgart,2007,321,2007-07-16,2007-07-22
Stuttgart,2008,321,2008-07-07,2008-07-13
Stuttgart,2009,321,2009-07-13,2009-07-19
Stuttgart,2010,321,2010-07-12,2010-07-18
Stuttgart,2011,321,2011-07-11,2011-07-17
Stuttgart,2012,321,2012-07-09,2012-07-15
Stuttgart,2013,321,2013-07-08,2013-07-14
Stuttgart,2014,321,2014-07-07,2014-07-13
Stuttgart,2015,321,2015-06-08,2015-06-14
Stuttgart,2016,321,2016-06-06,2016-06-13
Stuttgart,2017,321,2017-06-12,2017-06-18
Stuttgart,2018,321,2018-06-11,2018-06-17
Stuttgart,2019,321,2019-06-10,2019-06-16
Stuttgart,2020,321,2020-06-08,2020-06-14
Stuttgart,2021,321,2021-06-08,2021-06-13
Stuttgart,2022,321,2022-06-06,2022-06-12
Stuttgart,2023,321,2023-06-12,2023-06-18
Stuttgart-1,2001,321,2001-07-16,2001-07-22
Sydney,2001,338,2001-01-08,2001-01-14
Sydney,2002,338,2002-01-07,2002-01-13
Sydney,2003,338,2003-01-06,2003-01-12
Sydney,2004,338,2004-01-12,2004-01-18
Sydney,2005,338,2005-01-10,2005-01-16
Sydney,2006,338,2006-01-09,2006-01-15
Sydney,2007,338,2007-01-08,2007-01-14
Sydney,2008,338,2008-01-07,2008-01-13
Sydney,2009,338,2009-01-12,2009-01-18
Sydney,2010,338,2010-01-11,2010-01-16
Sydney,2011,338,2011-01-10,2011-01-15
Sydney,2012,338,2012-01-09,2012-01-14
Sydney,2013,338,2013-01-07,2013-01-12
Sydney,2014,338,2014-01-06,2014-01-11
Sydney,2015,338,2015-01-11,2015-01-17
Sydney,2016,338,2016-01-11,2016-01-17
Sydney,2017,338,2017-01-08,2017-01-14
Sydney,2018,338,2018-01-07,2018-01-13
Sydney,2019,338,2019-01-06,2019-01-12
Sydney,2022,9663,2022-01-10,2022-01-15
Tashkent,2001,73,2001-09-10,2001-09-16
Tashkent,2002,73,2002-09-09,2002-09-15
Tel Aviv,2022,4138,2022-09-26,2022-10-02
Tel Aviv,2023,4138,2023-11-05,2023-11-11
Tennis Masters Cup,2001,605,2001-11-12,2001-11-18
Tennis Masters Cup,2002,605,2002-11-11,2002-11-17
Tennis Masters Cup,2003,605,2003-11-10,2003-11-16
Tennis Masters Cup,2004,605,2004-11-15,2004-11-21
Tennis Masters Cup,2005,605,2005-11-14,2005-11-20
Tennis Masters Cup,2006,605,2006-11-13,2006-11-19
Tennis Masters Cup,2007,605,2007-11-12,2007-11-18
Tennis Masters Cup,2008,605,2008-11-09,2008-11-16
Tokyo,2001,329,2001-10-01,2001-10-07
Tokyo,2002,329,2002-09-30,2002-10-06
Tokyo,2003,329,2003-09-29,2003-10-05
Tokyo,2004,329,2004-10-04,2004-10-10
Tokyo,2005,329,2005-10-03,2005-10-09
Tokyo,2006,329,2006-10-02,2006-10-08
Tokyo,2007,329,2007-10-01,2007-10-07
Tokyo,2008,329,2008-09-29,2008-10-05
Tokyo,2009,329,2009-10-05,2009-10-11
Tokyo,2010,329,2010-10-04,2010-10-10
Tokyo,2011,329,2011-10-03,2011-10-09
Tokyo,2012,329,2012-10-01,2012-10-07
Tokyo,2013,329,2013-09-30,2013-10-06
Tokyo,2014,329,2014-09-29,2014-10-05
Tokyo,2015,329,2015-10-05,2015-10-11
Tokyo,2016,329,2016-10-03,2016-10-09
Tokyo,2017,329,2017-10-02,2017-10-08
Tokyo,2018,329,2018-10-01,2018-10-07
Tokyo,2019,329,2019-09-30,2019-10-06
Tokyo,2020,329,2020-10-05,2020-10-11
Tokyo,2021,329,2021-10-04,2021-10-10
Tokyo,2022,329,2022-10-03,2022-10-09
Tokyo,2023,329,2023-10-16,2023-10-22
Tokyo Olympics,2020,96,2020-07-25,2020-08-02
Tokyo Olympics,2021,96,2021-07-24,2021-08-01
Toronto,2002,421,2002-07-29,2002-08-04
Toronto,2004,421,2004-07-26,2004-08-01
Toronto,2006,421,2006-08-07,2006-08-13
Toronto,2008,421,2008-07-21,2008-07-27
Toronto,2010,421,2010-08-09,2010-08-15
Toronto,2012,421,2012-08-06,2012-08-12
Toronto,2014,421,2014-08-04,2014-08-10
Toronto,2016,421,2016-07-25,2016-07-31
Toronto,2018,421,2018-08-06,2018-08-12
Toronto,2020,421,2020-08-10,2020-08-16
Toronto,2021,421,2021-08-09,2021-08-15
Toronto,2023,421,2023-08-07,2023-08-13
Umag,2001,439,2001-07-16,2001-07-22
Umag,2002,439,2002-07-15,2002-07-21
Umag,2003,439,2003-07-21,2003-07-27
Umag,2004,439,2004-07-19,2004-07-25
Umag,2005,439,2005-07-25,2005-07-31
Umag,2006,439,2006-07-24,2006-07-30
Umag,2007,439,2007-07-23,2007-07-29
Umag,2008,439,2008-07-14,2008-07-20
Umag,2009,439,2009-07-27,2009-08-02
Umag,2010,439,2010-07-26,2010-08-01
Umag,2011,439,2011-07-25,2011-07-31
Umag,2012,439,2012-07-09,2012-07-15
Umag,2013,439,2013-07-22,2013-07-28
Umag,2014,439,2014-07-21,2014-07-27
Umag,2015,439,2015-07-20,2015-07-26
Umag,2016,439,2016-07-18,2016-07-24
Umag,2017,439,2017-07-17,2017-07-23
Umag,2018,439,2018-07-16,2018-07-22
Umag,2019,439,2019-07-15,2019-07-21
Umag,2020,439,2020-07-20,2020-07-26
Umag,2021,439,2021-07-19,2021-07-25
Umag,2022,439,2022-07-25,2022-07-31
Umag,2023,439,2023-07-24,2023-07-30
United Cup,2022,9900,2022-12-29,2023-01-08
Us Open,2001,560,2001-08-27,2001-09-09
Us Open,2002,560,2002-08-26,2002-09-08
Us Open,2003,560,2003-08-25,2003-09-07
Us Open,2004,560,2004-08-30,2004-09-12
Us Open,2005,560,2005-08-29,2005-09-11
Us Open,2006,560,2006-08-28,2006-09-10
Us Open,2007,560,2007-08-27,2007-09-09
Us Open,2008,560,2008-08-25,2008-09-07
Us Open,2009,560,2009-08-31,2009-09-13
Us Open,2010,560,2010-08-30,2010-09-12
Us Open,2011,560,2011-08-29,2011-09-11
Us Open,2012,560,2012-08-27,2012-09-09
Us Open,2013,560,2013-08-26,2013-09-08
Us Open,2014,560,2014-08-25,2014-09-08
Us Open,2015,560,2015-08-31,2015-09-13
Us Open,2016,560,2016-08-29,2016-09-11
Us Open,2017,560,2017-08-28,2017-09-10
Us Open,2018,560,2018-08-27,2018-09-09
Us Open,2019,560,2019-08-26,2019-09-08
Us Open,2020,560,2020-08-31,2020-09-13
Us Open,2021,560,2021-08-30,2021-09-12
Us Open,2022,560,2022-08-29,2022-09-11
Us Open,2023,560,2023-08-28,2023-09-10
Valencia,2003,573,2003-04-28,2003-05-04
Valencia,2004,573,2004-04-12,2004-04-18
Valencia,2005,573,2005-04-04,2005-04-10
Valencia,2006,573,2006-04-10,2006-04-16
Valencia,2007,573,2007-04-09,2007-04-15
Valencia,2008,573,2008-04-14,2008-04-20
Valencia,2009,573,2009-11-02,2009-11-08
Valencia,2010,573,2010-10-31,2010-11-07
Valencia,2011,573,2011-10-31,2011-11-06
Valencia,2012,573,2012-10-21,2012-10-28
Valencia,2013,573,2013-10-21,2013-10-27
Valencia,2014,573,2014-10-20,2014-10-26
Valencia,2015,573,2015-10-26,2015-11-01
Vienna,2001,337,2001-10-08,2001-10-14
Vienna,2002,337,2002-10-07,2002-10-13
Vienna,2003,337,2003-10-06,2003-10-12
Vienna,2004,337,2004-10-11,2004-10-17
Vienna,2005,337,2005-10-10,2005-10-16
Vienna,2006,337,2006-10-09,2006-10-15
Vienna,2007,337,2007-10-07,2007-10-14
Vienna,2008,337,2008-10-06,2008-10-12
Vienna,2009,337,2009-10-26,2009-11-01
Vienna,2010,337,2010-10-25,2010-10-31
Vienna,2011,337,2011-10-24,2011-10-30
Vienna,2012,337,2012-10-15,2012-10-21
Vienna,2013,337,2013-10-14,2013-10-20
Vienna,2014,337,2014-10-13,2014-10-19
Vienna,2015,337,2015-10-19,2015-10-25
Vienna,2016,337,2016-10-24,2016-10-30
Vienna,2017,337,2017-10-23,2017-10-29
Vienna,2018,337,2018-10-22,2018-10-28
Vienna,2019,337,2019-10-21,2019-10-27
Vienna,2020,337,2020-10-26,2020-11-01
Vienna,2021,337,2021-10-25,2021-10-31
Vienna,2022,337,2022-10-24,2022-10-30
Vienna,2023,337,2023-10-23,2023-10-29
Vina Del Mar,2001,8996,2001-02-12,2001-02-18
Vina Del Mar,2002,8996,2002-02-11,2002-02-17
Vina Del Mar,2003,8996,2003-02-10,2003-02-16
Vina Del Mar,2004,8996,2004-02-09,2004-02-15
Vina Del Mar,2005,8996,2005-01-31,2005-02-06
Vina Del Mar,2006,8996,2006-01-30,2006-02-05
Vina Del Mar,2007,8996,2007-01-29,2007-02-04
Vina Del Mar,2008,8996,2008-01-28,2008-02-03
Vina Del Mar,2009,8996,2009-02-02,2009-02-08
Vina Del Mar,2012,8996,2012-01-30,2012-02-05
Vina Del Mar,2013,8996,2013-02-04,2013-02-10
Vina Del Mar,2014,8996,2014-02-03,2014-02-09
Warsaw,2008,475,2008-06-09,2008-06-15
Washington,2001,418,2001-08-13,2001-08-19
Washington,2002,418,2002-08-12,2002-08-18
Washington,2003,418,2003-07-28,2003-08-03
Washington,2004,418,2004-08-16,2004-08-22
Washington,2005,418,2005-08-01,2005-08-07
Washington,2006,418,2006-07-31,2006-08-06
Washington,2007,418,2007-07-29,2007-08-05
Washington,2008,418,2008-08-10,2008-08-17
Washington,2009,418,2009-08-02,2009-08-09
Washington,2010,418,2010-08-01,2010-08-08
Washington,2011,418,2011-07-31,2011-08-07
Washington,2012,418,2012-07-30,2012-08-05
Washington,2013,418,2013-07-29,2013-08-04
Washington,2014,418,2014-07-28,2014-08-03
Washington,2015,418,2015-08-03,2015-08-09
Washington,2016,418,2016-07-18,2016-07-24
Washington,2017,418,2017-07-31,2017-08-06
Washington,2018,418,2018-07-30,2018-08-05
Washington,2019,418,2019-07-27,2019-08-04
Washington,2020,418,2020-08-14,2020-08-21
Washington,2021,418,2021-08-02,2021-08-08
Washington,2022,418,2022-08-01,2022-08-07
Washington,2023,418,2023-07-31,2023-08-06
Wimbledon,2001,540,2001-06-25,2001-07-08
Wimbledon,2002,540,2002-06-24,2002-07-07
Wimbledon,2003,540,2003-06-23,2003-07-06
Wimbledon,2004,540,2004-06-21,2004-07-04
Wimbledon,2005,540,2005-06-20,2005-07-03
Wimbledon,2006,540,2006-06-26,2006-07-09
Wimbledon,2007,540,2007-06-25,2007-07-08
Wimbledon,2008,540,2008-06-23,2008-07-06
Wimbledon,2009,540,2009-06-22,2009-07-05
Wimbledon,2010,540,2010-06-21,2010-07-04
Wimbledon,2011,540,2011-06-20,2011-07-03
Wimbledon,2012,540,2012-06-25,2012-07-08
Wimbledon,2013,540,2013-06-24,2013-07-07
Wimbledon,2014,540,2014-06-23,2014-07-06
Wimbledon,2015,540,2015-06-29,2015-07-12
Wimbledon,2016,540,2016-06-27,2016-07-10
Wimbledon,2017,540,2017-07-03,2017-07-16
Wimbledon,2018,540,2018-07-02,2018-07-15
Wimbledon,2019,540,2019-07-01,2019-07-14
Wimbledon,2020,540,2020-06-29,2020-07-12
Wimbledon,2021,540,2021-06-28,2021-07-11
Wimbledon,2022,540,2022-06-27,2022-07-10
Wimbledon,2023,540,2023-07-03,2023-07-16
Winston-Salem,2011,6242,2011-08-21,2011-08-27
Winston-Salem,2012,6242,2012-08-19,2012-08-25
Winston-Salem,2013,6242,2013-08-18,2013-08-24
Winston-Salem,2014,6242,2014-08-17,2014-08-23
Winston-Salem,2015,6242,2015-08-23,2015-08-30
Winston-Salem,2016,6242,2016-08-21,2016-08-27
Winston-Salem,2017,6242,2017-08-20,2017-08-26
Winston-Salem,2018,6242,2018-08-19,2018-08-25
Winston-Salem,2019,6242,2019-08-18,2019-08-24
Winston-Salem,2020,6242,2020-08-23,2020-08-29
Winston-Salem,2021,6242,2021-08-22,2021-08-28
Winston-Salem,2022,6242,2022-08-21,2022-08-27
Winston-Salem,2023,6242,2023-08-20,2023-08-26
World Team Cup,2001,615,2001-05-21,2001-05-27
World Team Cup,2002,615,2002-05-20,2002-05-26
World Team Cup,2003,615,2003-05-19,2003-05-25
World Team Cup,2004,615,2004-05-17,2004-05-23
World Team Cup,2005,615,2005-05-16,2005-05-22
World Team Cup,2006,615,2006-05-22,2006-05-28
World Team Cup,2007,615,2007-05-20,2007-05-27
World Team Cup,2008,615,2008-05-18,2008-05-25
World Team Cup,2009,615,2009-05-17,2009-05-24
World Team Cup,2010,615,2010-05-16,2010-05-22
World Team Cup,2011,615,2011-05-15,2011-05-21
World Team Cup,2012,615,2012-05-20,2012-05-26
Zagreb,2006,2276,2006-01-30,2006-02-05
Zagreb,2007,2276,2007-01-29,2007-02-04
Zagreb,2008,2276,2008-02-25,2008-03-02
Zagreb,2009,2276,2009-02-02,2009-02-08
Zagreb,2010,2276,2010-02-01,2010-02-07
Zagreb,2011,2276,2011-01-31,2011-02-06
Zagreb,2012,2276,2012-01-30,2012-02-05
Zagreb,2013,2276,2013-02-04,2013-02-10
Zagreb,2014,2276,2014-02-03,2014-02-09
Zagreb,2015,2276,2015-02-02,2015-02-08
Zhuhai,2019,9164,2019-09-23,2019-09-29
Zhuhai,2020,9164,2020-09-28,2020-10-04
Zhuhai,2021,9164,2021-09-27,2021-10-03
Zhuhai,2023,9164,2023-09-20,2023-09-26
